date,search_term,word2vec_result,mood_1,mood_1_word,mood_2,mood_2_word,mood_3,mood_3_word,mood_4,mood_4_word,mood_5,mood_5_word,overall_review,famous
2024_11_05,명동,"[('추천', 0.372473806142807), ('서울', 0.32298311591148376), ('내산', 0.30706390738487244), ('맛집', 0.30013519525527954), ('터틀', 0.2485673427581787), ('극', 0.2379646599292755), ('지하', 0.23463135957717896), ('오제', 0.23395191133022308), ('강원', 0.23231667280197144), ('힙', 0.2320481240749359), ('데이트', 0.22627662122249603), ('중식', 0.22545601427555084), ('숏', 0.2176913022994995), ('종로', 0.2158563882112503), ('인생', 0.21426235139369965), ('평일', 0.2134614884853363), ('벤트', 0.21310971677303314), ('정왕동', 0.21085256338119507), ('더', 0.21010929346084595), ('쭈꾸미와', 0.20860333740711212), ('만남', 0.20847387611865997), ('명동호', 0.20429866015911102), ('비밀', 0.2016887366771698), ('줄서', 0.1966894567012787), ('폼', 0.19611309468746185), ('가능', 0.19413425028324127), ('왕비', 0.19369466602802277), ('좋', 0.1927141398191452), ('먹', 0.1922028362751007), ('돈', 0.1920037418603897), ('하이볼', 0.19002273678779602), ('소개팅', 0.1896919161081314), ('예쁘', 0.18677733838558197), ('넓', 0.18198257684707642), ('관철', 0.18155568838119507), ('내장', 0.18004265427589417), ('오가와', 0.1788346767425537), ('짧', 0.17732590436935425), ('강민경', 0.17630480229854584), ('혹시', 0.17575766146183014), ('한', 0.17550115287303925), ('강력', 0.17525576055049896), ('동점', 0.17524951696395874), ('맞', 0.173202246427536), ('흐트', 0.17305123805999756), ('맛있', 0.17271965742111206), ('파스', 0.1725756824016571), ('이유', 0.17211049795150757), ('을지로', 0.1712198108434677), ('가족', 0.1696658432483673)]",,,,,,,,,,,,0.0
2024_11_05,홍대,"[('추천', 0.36763614416122437), ('상수역', 0.28410258889198303), ('합정역', 0.2810084819793701), ('백장', 0.26331451535224915), ('곳', 0.2587359547615051), ('무비', 0.258705735206604), ('디퍼', 0.25787627696990967), ('야닝', 0.25732550024986267), ('다', 0.25542959570884705), ('합정', 0.2432902306318283), ('즐기', 0.23906244337558746), ('서울', 0.23235389590263367), ('배터리', 0.2320568561553955), ('에스프레소', 0.23128679394721985), ('심리', 0.23079612851142883), ('뷰티', 0.22862321138381958), ('식사', 0.228324756026268), ('웜', 0.22622276842594147), ('망원역', 0.22371576726436615), ('히메', 0.2236030101776123), ('뜻밖에', 0.22297817468643188), ('프라이빗', 0.22170722484588623), ('시야', 0.22024285793304443), ('오퍼', 0.2164311408996582), ('한라', 0.2151770442724228), ('좋', 0.21389278769493103), ('게임', 0.21342147886753082), ('컴', 0.21275223791599274), ('한월', 0.21215562522411346), ('플', 0.21077004075050354), ('메이', 0.209272101521492), ('리뷰', 0.20841623842716217), ('상수', 0.20791447162628174), ('멜라', 0.2017175853252411), ('베이글', 0.20129399001598358), ('후기', 0.20105691254138947), ('동', 0.19979269802570343), ('혼카', 0.19974510371685028), ('아망', 0.19819512963294983), ('응', 0.19644178450107574), ('더욱', 0.1953081488609314), ('이응', 0.19324754178524017), ('점', 0.1918666809797287), ('코멘', 0.19079051911830902), ('슬라이스', 0.18905366957187653), ('홍대입구역', 0.18878111243247986), ('중화요리', 0.187710240483284), ('발판', 0.18743199110031128), ('야코', 0.1865764856338501), ('잼', 0.18499258160591125)]",,,,,,,,,,,,0.0
2024_11_05,강남역,"[('퓨전', 0.30468693375587463), ('동', 0.2912365794181824), ('미', 0.27870383858680725), ('찾', 0.27653738856315613), ('참고', 0.2733081877231598), ('감성', 0.2731516659259796), ('블루리본', 0.2696211636066437), ('주악', 0.26931232213974), ('강남', 0.24881167709827423), ('생일', 0.2473546862602234), ('헬린', 0.2466624677181244), ('추천', 0.24326056241989136), ('역삼동', 0.24122075736522675), ('뷰', 0.2374022752046585), ('성돈', 0.2371591031551361), ('갈만', 0.2340100258588791), ('역삼역', 0.23304229974746704), ('수타', 0.23006680607795715), ('아실라', 0.22853781282901764), ('데이트', 0.22728340327739716), ('목살', 0.22716671228408813), ('이센', 0.22613441944122314), ('티라미수', 0.22531434893608093), ('공통점', 0.22265851497650146), ('원성', 0.2208232432603836), ('팔순', 0.22060231864452362), ('핫', 0.22035743296146393), ('동가리', 0.21860986948013306), ('긍정', 0.2170775979757309), ('곡', 0.21616914868354797), ('딸부자', 0.21294131875038147), ('면관', 0.2117350846529007), ('숙성', 0.210956871509552), ('모임', 0.21039442718029022), ('제면', 0.20757032930850983), ('햄버거', 0.2070852369070053), ('딱', 0.2070218026638031), ('홍우', 0.2063903510570526), ('포차', 0.20580780506134033), ('여포', 0.20498108863830566), ('자리', 0.20487046241760254), ('초선', 0.20322750508785248), ('쌈밥', 0.2018844187259674), ('썸녀', 0.20053032040596008), ('반', 0.1996242254972458), ('탁식', 0.19938558340072632), ('닉스', 0.19937577843666077), ('또', 0.19923135638237), ('족발', 0.19892500340938568), ('개인', 0.19802068173885345)]",,,,,,,,,,,,0.0
2024_11_05,이태원,"[('데이트', 0.330255389213562), ('서울', 0.3084484338760376), ('무니', 0.3011537790298462), ('추천', 0.2857103943824768), ('차', 0.2658696174621582), ('양식', 0.2650132477283478), ('이태원역', 0.26447632908821106), ('카리', 0.26388442516326904), ('테라스', 0.2523672580718994), ('좋', 0.2406514286994934), ('단', 0.23752351105213165), ('후기', 0.23371410369873047), ('진행', 0.23220226168632507), ('내산', 0.22814886271953583), ('야외', 0.22282925248146057), ('여의동', 0.21983131766319275), ('애일', 0.21753434836864471), ('미금', 0.2150523066520691), ('랭', 0.21376259624958038), ('분위기', 0.20927470922470093), ('끼', 0.20893292129039764), ('칫', 0.20828479528427124), ('풀무질', 0.20630520582199097), ('코스로', 0.20517398416996002), ('곳', 0.20345358550548553), ('이색', 0.20298968255519867), ('조용', 0.20161932706832886), ('야경', 0.2014603167772293), ('녹사평', 0.19928942620754242), ('방촌', 0.19839708507061005), ('돈', 0.19823269546031952), ('미고', 0.19660821557044983), ('둠', 0.1953955590724945), ('순위', 0.1947827935218811), ('피맥', 0.19151580333709717), ('꼼모아이태원', 0.1911121904850006), ('야장', 0.191103994846344), ('용산', 0.18955740332603455), ('간혹', 0.1888648122549057), ('국회의사당', 0.18755777180194855), ('촌닭', 0.185602605342865), ('칠', 0.1830623596906662), ('생활', 0.1818975806236267), ('감성', 0.1804274469614029), ('코스', 0.18030916154384613), ('레코드', 0.1766453981399536), ('인바', 0.17363867163658142), ('온리', 0.1731542944908142), ('재현', 0.17184744775295258), ('순', 0.1716925948858261)]",,,,,,,,,,,,0.0
2024_11_05,신촌,"[('신촌역', 0.3367077112197876), ('초밥', 0.2790422737598419), ('근처', 0.2542400658130646), ('관설동', 0.2469060719013214), ('스', 0.23854553699493408), ('도쿠', 0.23374606668949127), ('당나발', 0.23373541235923767), ('처', 0.2248903065919876), ('향수', 0.22404845058918), ('마에스트로', 0.22266387939453125), ('원', 0.21924370527267456), ('퀄리티', 0.21829389035701752), ('포차', 0.21532224118709564), ('랩', 0.2113032191991806), ('티', 0.21077655255794525), ('추천', 0.21017833054065704), ('백화점', 0.2064029425382614), ('돈', 0.20493657886981964), ('영등포', 0.20474819839000702), ('맛집', 0.20465558767318726), ('완당', 0.20457018911838531), ('시그', 0.20426319539546967), ('사발', 0.20346884429454803), ('혼', 0.2033035010099411), ('분위기', 0.20329715311527252), ('지하', 0.20306400954723358), ('스키야키', 0.2007451057434082), ('모두', 0.19997748732566833), ('템', 0.19871528446674347), ('테니스', 0.19855889678001404), ('점심', 0.1980362981557846), ('화로구이', 0.19700771570205688), ('탐방', 0.19610457122325897), ('마마', 0.19538287818431854), ('점', 0.1915305107831955), ('부엉이', 0.19018961489200592), ('좋', 0.18961824476718903), ('삼', 0.1885509341955185), ('거제', 0.18851380050182343), ('챌', 0.1881411373615265), ('다성', 0.18808048963546753), ('악센트', 0.1879499852657318), ('밥', 0.1869991421699524), ('대', 0.18697890639305115), ('현백', 0.18681928515434265), ('라피', 0.18622441589832306), ('볶음밥', 0.18612022697925568), ('시도', 0.18554189801216125), ('지속', 0.18347403407096863), ('도우', 0.18295001983642578)]",,,,,,,,,,,,0.0
2024_11_05,여의도,"[('추천', 0.365824818611145), ('여운관', 0.3329266607761383), ('오마', 0.32693788409233093), ('식당', 0.3230144679546356), ('데이트', 0.306360125541687), ('한정식', 0.2949940264225006), ('고청', 0.29266437888145447), ('저녁', 0.2856682240962982), ('장소', 0.2851439118385315), ('모임', 0.2800235450267792), ('좋', 0.27882280945777893), ('도역', 0.2767568826675415), ('콜', 0.27482038736343384), ('집', 0.26840487122535706), ('회식', 0.26803848147392273), ('비', 0.2646254301071167), ('한우', 0.2628323435783386), ('맛집', 0.26191771030426025), ('카세', 0.2593102753162384), ('미', 0.2579718232154846), ('룸', 0.2571188807487488), ('담', 0.24795694649219513), ('근처', 0.2442522495985031), ('퀄리티', 0.23968300223350525), ('동반', 0.23943963646888733), ('채', 0.23415593802928925), ('점', 0.23313474655151367), ('경산', 0.23153948783874512), ('포', 0.23117367923259735), ('우마', 0.2292691022157669), ('있', 0.2276211529970169), ('단체', 0.22588039934635162), ('점심', 0.22451291978359222), ('즐기', 0.22418755292892456), ('후기', 0.22229455411434174), ('명', 0.22143089771270752), ('분위기', 0.2189902514219284), ('여의도역', 0.21827882528305054), ('가성', 0.21578548848628998), ('이닝', 0.21174831688404083), ('스팅', 0.21104368567466736), ('코스', 0.20706048607826233), ('고반', 0.20702987909317017), ('테이', 0.20591750741004944), ('소울', 0.204569473862648), ('서울', 0.20292164385318756), ('고기', 0.20257869362831116), ('고급', 0.20190642774105072), ('노조미', 0.20076428353786469), ('채끝', 0.20018859207630157)]",,,,,,,,,,,,0.0
2024_11_05,북촌,"[('한옥', 0.3537806570529938), ('서울', 0.3519154489040375), ('코스', 0.3170922100543976), ('추천', 0.2969178557395935), ('목음', 0.27741798758506775), ('명소', 0.2711491584777832), ('보', 0.2696906626224518), ('마을', 0.2633433938026428), ('지하철', 0.25146597623825073), ('최혜지', 0.23837044835090637), ('모녀', 0.23465417325496674), ('수프', 0.23364563286304474), ('국동', 0.2322920709848404), ('볼거리', 0.22692809998989105), ('맛집', 0.22680291533470154), ('최고', 0.226394921541214), ('안국역', 0.22368428111076355), ('픽사', 0.21992148458957672), ('차', 0.21387653052806854), ('지홍', 0.21261842548847198), ('길', 0.21188417077064514), ('저녁', 0.21160903573036194), ('전망', 0.2115892916917801), ('수제', 0.2113112509250641), ('삼청동', 0.21069103479385376), ('요가', 0.2103300541639328), ('안국', 0.21007435023784637), ('가', 0.20898297429084778), ('많', 0.20894554257392883), ('분위기', 0.2067820131778717), ('데이트', 0.20640212297439575), ('밀양', 0.2057189643383026), ('영통', 0.2053433060646057), ('청요', 0.2042427957057953), ('성공', 0.20256146788597107), ('맥주', 0.20049625635147095), ('종로', 0.20022182166576385), ('이', 0.19871173799037933), ('완벽', 0.1979895681142807), ('전통찻집', 0.19448517262935638), ('하우스', 0.19280937314033508), ('정', 0.1917746514081955), ('닉스', 0.1908493936061859), ('이마트', 0.18558920919895172), ('동양', 0.18455544114112854), ('삼청', 0.18439312279224396), ('바로', 0.18391390144824982), ('맥', 0.18275290727615356), ('스모', 0.18231064081192017), ('도토리', 0.18111427128314972)]",,,,,,,,,,,,0.0
2024_11_05,명동,"[('맛집', 0.3813496232032776), ('추천', 0.3254677951335907), ('내산', 0.3087926506996155), ('서울', 0.3038672208786011), ('맞', 0.24040783941745758), ('오제', 0.23653161525726318), ('강원', 0.23473501205444336), ('가능', 0.2345920205116272), ('비', 0.2294774055480957), ('터틀', 0.2236965000629425), ('소개팅', 0.22342349588871002), ('지하', 0.21578824520111084), ('명동호', 0.21149753034114838), ('리필', 0.20868366956710815), ('돈', 0.2081959992647171), ('하수오', 0.20740315318107605), ('비밀', 0.20712488889694214), ('줄서', 0.20686465501785278), ('점', 0.20632445812225342), ('분위기', 0.20545633137226105), ('롯데', 0.20519275963306427), ('전골', 0.19981615245342255), ('있', 0.197855606675148), ('을지로', 0.19569876790046692), ('모임', 0.19488351047039032), ('예쁘', 0.1933879852294922), ('오가와', 0.19145320355892181), ('힙', 0.19109851121902466), ('가족', 0.1900038868188858), ('탐방기', 0.1899239718914032), ('강동', 0.1894582211971283), ('평일', 0.18826770782470703), ('기다리', 0.18304046988487244), ('국밥', 0.18260949850082397), ('디저트', 0.18198749423027039), ('내장', 0.18150624632835388), ('찾', 0.18147876858711243), ('맛있', 0.18009158968925476), ('후기', 0.1800098419189453), ('직접', 0.17904366552829742), ('회현', 0.17886587977409363), ('이유', 0.1787138283252716), ('흐트', 0.1784960776567459), ('야', 0.17849595844745636), ('강력', 0.17795105278491974), ('숨', 0.1773778200149536), ('좋', 0.17655247449874878), ('사당', 0.17560544610023499), ('적합', 0.17521719634532928), ('종로', 0.17216047644615173)]",,,,,,,,,,,,0.0
2024_11_05,홍대,"[('추천', 0.3030287027359009), ('상수역', 0.2893589735031128), ('이색', 0.2685619592666626), ('벚꽃', 0.2635613977909088), ('곳', 0.26171720027923584), ('합정역', 0.25142139196395874), ('식사', 0.24886934459209442), ('멜라', 0.23621445894241333), ('뷰티', 0.23334471881389618), ('계절', 0.2294035106897354), ('잼', 0.2281983494758606), ('술', 0.22794412076473236), ('디퍼', 0.22778502106666565), ('집', 0.2247178703546524), ('좋', 0.22431744635105133), ('맛집', 0.22419355809688568), ('머스', 0.2240811288356781), ('시야', 0.22227048873901367), ('배터리', 0.21876618266105652), ('야닝', 0.21718083322048187), ('망원역', 0.21656259894371033), ('또', 0.21648550033569336), ('수상한', 0.21580073237419128), ('컴', 0.21565815806388855), ('테이블', 0.2149459570646286), ('공', 0.21441836655139923), ('샐러드', 0.21319670975208282), ('백장', 0.2121092975139618), ('홍대입구역', 0.21008513867855072), ('한월', 0.20947083830833435), ('교동', 0.20891612768173218), ('오퍼', 0.20856237411499023), ('감성', 0.20835468173027039), ('플', 0.20715029537677765), ('심리', 0.20691955089569092), ('가', 0.2062828689813614), ('서울', 0.20424821972846985), ('밥맛', 0.2036912441253662), ('즐기', 0.20156408846378326), ('링', 0.20054420828819275), ('뜻밖에', 0.19796432554721832), ('림', 0.19693496823310852), ('합정', 0.19517678022384644), ('버건', 0.19374127686023712), ('요리', 0.1930972933769226), ('홍콩식', 0.19091074168682098), ('상수', 0.1900128722190857), ('사운드', 0.1892886757850647), ('히메', 0.18679237365722656), ('부산', 0.18604429066181183)]",,,,,,,,,,,,0.0
2024_11_05,강남역,"[('블루리본', 0.2968214452266693), ('찾', 0.29068928956985474), ('역삼역', 0.2864929139614105), ('뷰', 0.27203062176704407), ('추천', 0.25577402114868164), ('헬린', 0.25545403361320496), ('팔순', 0.2523035705089569), ('생일', 0.24351324141025543), ('동', 0.24234408140182495), ('쁠', 0.2421654611825943), ('온화', 0.24155177175998688), ('주악', 0.24003665149211884), ('비', 0.23930323123931885), ('아실라', 0.23554207384586334), ('참고', 0.23065322637557983), ('퓨전', 0.22941403090953827), ('미', 0.22919195890426636), ('숙성', 0.2274947315454483), ('데이트', 0.22703908383846283), ('밍', 0.21983900666236877), ('썸녀', 0.21881207823753357), ('티라미수', 0.2165098488330841), ('감성', 0.21587787568569183), ('존', 0.21251294016838074), ('신복', 0.20905378460884094), ('갈만', 0.20902401208877563), ('플', 0.20833712816238403), ('수육', 0.20814426243305206), ('공통점', 0.20774292945861816), ('굿', 0.20630982518196106), ('여포', 0.20593801140785217), ('자리', 0.20510542392730713), ('성돈', 0.20485098659992218), ('수플레', 0.2040024846792221), ('송년회', 0.20335672795772552), ('단체', 0.2015884518623352), ('노트북', 0.20084045827388763), ('대형', 0.19973938167095184), ('근처', 0.19945278763771057), ('모임', 0.1977720856666565), ('강남', 0.19191980361938477), ('주차', 0.19109494984149933), ('상회', 0.18940629065036774), ('스템', 0.18896974623203278), ('역삼동', 0.18808893859386444), ('청첩장', 0.1869087517261505), ('투', 0.18306855857372284), ('인정', 0.18284562230110168), ('이센', 0.18166828155517578), ('밝', 0.18160802125930786)]",,,,,,,,,,,,0.0
2024_11_05,이태원,"[('서울', 0.36836665868759155), ('이태원역', 0.34683459997177124), ('좋', 0.2969360053539276), ('추천', 0.2961220443248749), ('차', 0.2777620851993561), ('데이트', 0.2724136412143707), ('끼', 0.2704837918281555), ('야외', 0.2625117301940918), ('테라스', 0.25423604249954224), ('풀무질', 0.24862606823444366), ('내산', 0.24534642696380615), ('양식', 0.23841910064220428), ('이색', 0.23304450511932373), ('조용', 0.22348348796367645), ('애일', 0.22335928678512573), ('진행', 0.22231458127498627), ('캡', 0.21636733412742615), ('경리', 0.215291827917099), ('후기', 0.21405132114887238), ('곳', 0.21336524188518524), ('여의동', 0.21298781037330627), ('랭', 0.20436924695968628), ('카리', 0.20072202384471893), ('본', 0.19894838333129883), ('돈', 0.19826121628284454), ('단', 0.19790633022785187), ('보내', 0.19622038304805756), ('칠', 0.19354717433452606), ('피맥', 0.19171559810638428), ('생활', 0.19001954793930054), ('미고', 0.18512022495269775), ('종로', 0.18359549343585968), ('외', 0.18308044970035553), ('힐링', 0.18280388414859772), ('실내', 0.18262921273708344), ('무니', 0.18196937441825867), ('미금', 0.1775219589471817), ('촌닭', 0.17583049833774567), ('천', 0.17456525564193726), ('야장', 0.1741008460521698), ('헤미', 0.17197123169898987), ('디저트', 0.17160987854003906), ('놀', 0.17058107256889343), ('술상', 0.17020754516124725), ('다이나믹', 0.16999800503253937), ('코스', 0.16934804618358612), ('재현', 0.16884221136569977), ('모르', 0.1687861680984497), ('간혹', 0.16755372285842896), ('스태프', 0.1675424426794052)]",,,,,,,,,,,,0.0
2024_11_05,신촌,"[('신촌역', 0.3529694974422455), ('퀄리티', 0.2746664881706238), ('추천', 0.268647700548172), ('이', 0.2565942108631134), ('현대', 0.2532617747783661), ('맛집', 0.2434493452310562), ('후기', 0.23627208173274994), ('원', 0.23506703972816467), ('부엉이', 0.23386788368225098), ('근처', 0.23042941093444824), ('포항', 0.22766900062561035), ('릭', 0.22608476877212524), ('마에스트로', 0.2234785109758377), ('마스터키', 0.21761640906333923), ('유부', 0.21750935912132263), ('미나리', 0.21650852262973785), ('서울', 0.20863063633441925), ('퍼플', 0.20845265686511993), ('이동', 0.20718136429786682), ('스키야키', 0.20336711406707764), ('백화점', 0.20137867331504822), ('돈가스', 0.20128293335437775), ('스', 0.19973309338092804), ('마스터', 0.19748926162719727), ('분위기', 0.19735926389694214), ('포덤', 0.19670158624649048), ('수혈', 0.19541536271572113), ('탐방', 0.193325012922287), ('돈', 0.19268077611923218), ('랩', 0.1922134906053543), ('세트', 0.19117099046707153), ('서대문구', 0.18820923566818237), ('당나발', 0.18817567825317383), ('족발', 0.18785040080547333), ('프라임', 0.1878354549407959), ('도쿠', 0.18691888451576233), ('맛있', 0.1861395388841629), ('연희', 0.18367689847946167), ('저녁', 0.18352314829826355), ('화로구이', 0.18173696100711823), ('고', 0.18169741332530975), ('조기', 0.18110479414463043), ('계란', 0.18034887313842773), ('대관', 0.18000651895999908), ('지하', 0.18000373244285583), ('테니스', 0.17994342744350433), ('찾', 0.17931702733039856), ('식사', 0.17928947508335114), ('마마', 0.1783842295408249), ('쿠', 0.17626993358135223)]",,,,,,,,,,,,0.0
2024_11_05,여의도,"[('카세', 0.3592887818813324), ('추천', 0.35527700185775757), ('모임', 0.3383999466896057), ('한정식', 0.3324027955532074), ('장소', 0.3275245726108551), ('근처', 0.31870466470718384), ('서울', 0.3174804151058197), ('데이트', 0.3160909116268158), ('회식', 0.27707597613334656), ('맛집', 0.27025529742240906), ('동해', 0.2693508565425873), ('식당', 0.26811841130256653), ('점심', 0.26673224568367004), ('고청', 0.26605695486068726), ('도역', 0.26324188709259033), ('우마', 0.2597638964653015), ('여의도역', 0.2568322718143463), ('여운관', 0.2562985122203827), ('한우', 0.2555055618286133), ('담', 0.25502529740333557), ('오마', 0.24753320217132568), ('고급', 0.24713321030139923), ('좋', 0.24403077363967896), ('요리', 0.24320271611213684), ('분위기', 0.24234722554683685), ('콜', 0.2408551722764969), ('런', 0.23913471400737762), ('이닝', 0.23534883558750153), ('저녁', 0.2337426245212555), ('비', 0.23359042406082153), ('룸', 0.22831791639328003), ('코스', 0.22626525163650513), ('동반', 0.22531360387802124), ('진가', 0.22189024090766907), ('집', 0.22186286747455597), ('있', 0.22156915068626404), ('암동', 0.2184382975101471), ('한식', 0.21841877698898315), ('고기', 0.2180957794189453), ('퀄리티', 0.21695257723331451), ('가성', 0.2148222029209137), ('채끝', 0.21293683350086212), ('소고기', 0.2111363559961319), ('스팅', 0.20966212451457977), ('노조미', 0.20858746767044067), ('상견례', 0.20761995017528534), ('테이', 0.20676611363887787), ('점', 0.20608367025852203), ('포', 0.20340444147586823), ('경산', 0.20131276547908783)]",,,,,,,,,,,,0.0
2024_11_05,북촌,"[('서울', 0.3841899037361145), ('한옥', 0.371364027261734), ('명소', 0.3264545798301697), ('코스', 0.32229897379875183), ('목음', 0.3100585341453552), ('마을', 0.2856588363647461), ('분위기', 0.2823161780834198), ('추천', 0.2774703800678253), ('전통찻집', 0.26894158124923706), ('픽사', 0.2660596966743469), ('차', 0.26515963673591614), ('종로', 0.26264292001724243), ('안국역', 0.2563665211200714), ('지하철', 0.2529684603214264), ('볼거리', 0.24967803061008453), ('국동', 0.24628593027591705), ('청요', 0.24549947679042816), ('도토리', 0.2451775223016739), ('청청', 0.24508900940418243), ('우이동', 0.24237635731697083), ('정', 0.23706234991550446), ('보', 0.23657473921775818), ('전망', 0.2361382395029068), ('맛집', 0.23390965163707733), ('모녀', 0.23111888766288757), ('수제', 0.22956962883472443), ('데이트', 0.22942833602428436), ('길', 0.22811256349086761), ('맛있', 0.22713777422904968), ('요가', 0.2265600562095642), ('삼청', 0.22573751211166382), ('맥', 0.22297820448875427), ('좋', 0.21988175809383392), ('안', 0.21862849593162537), ('스모', 0.21548983454704285), ('최고', 0.21456265449523926), ('수프', 0.21212144196033478), ('성공', 0.21077962219715118), ('맥주', 0.21026477217674255), ('많', 0.20971675217151642), ('운', 0.20932866632938385), ('익선', 0.20879465341567993), ('장미', 0.20805782079696655), ('예약', 0.20798267424106598), ('탐방', 0.20730987191200256), ('닉스', 0.2064274251461029), ('백미', 0.2051098644733429), ('몽중', 0.20323407649993896), ('최혜지', 0.20110389590263367), ('외', 0.19841201603412628)]",,,,,,,,,,,,0.0
2024_11_05,성수,"[('성수동', 0.3312188386917114), ('추천', 0.3242000341415405), ('성', 0.28844714164733887), ('플', 0.2850402891635895), ('서울', 0.2648373544216156), ('모음', 0.24999374151229858), ('트', 0.24961352348327637), ('성수역', 0.24356932938098907), ('침대', 0.23634038865566254), ('아지트', 0.2343190461397171), ('탑', 0.23414446413516998), ('핫', 0.22799544036388397), ('신나', 0.22275583446025848), ('돈페이', 0.22131329774856567), ('같', 0.2199752926826477), ('주말', 0.2190418243408203), ('방문', 0.21736271679401398), ('차조', 0.2165207415819168), ('웨이팅', 0.213370218873024), ('스', 0.20665092766284943), ('축하', 0.20495879650115967), ('향소', 0.2022455334663391), ('수동', 0.2021380364894867), ('전부', 0.2010819911956787), ('힙', 0.1982531100511551), ('즐기', 0.19590435922145844), ('극', 0.19352591037750244), ('춥', 0.1932770311832428), ('퓌', 0.19306595623493195), ('드립', 0.19180284440517426), ('미야키', 0.1916785091161728), ('점심', 0.19078505039215088), ('좋', 0.19007131457328796), ('갤럭시', 0.18953973054885864), ('노가리', 0.18780967593193054), ('득템', 0.18746891617774963), ('충족', 0.18559148907661438), ('칵테일', 0.18204954266548157), ('민수', 0.18136407434940338), ('브루', 0.18002577126026154), ('국산', 0.1786571443080902), ('브롤', 0.17762286961078644), ('루프', 0.1772380769252777), ('리비트', 0.1765059381723404), ('근처', 0.1764129251241684), ('본품', 0.1759205162525177), ('브런치', 0.17556065320968628), ('리스트', 0.1755296289920807), ('오', 0.1749180257320404), ('뚝섬역', 0.1747511476278305)]",,,,,,,,,,,,0.0
2024_11_05,청담,"[('쌀국수', 0.27851834893226624), ('드디어', 0.27589693665504456), ('마카롱', 0.26818880438804626), ('송', 0.23554262518882751), ('해장술', 0.23429478704929352), ('끌레어', 0.2317240685224533), ('갈비찜', 0.2213466614484787), ('알아보', 0.2193906158208847), ('덕이동', 0.21923768520355225), ('월남', 0.21824629604816437), ('픽스', 0.2131185680627823), ('망년회', 0.21253056824207306), ('이은재', 0.21059252321720123), ('쌀쌀', 0.20960688591003418), ('오리', 0.20911318063735962), ('대비', 0.2081909328699112), ('악평', 0.20808376371860504), ('라운', 0.20770668983459473), ('모음', 0.20625963807106018), ('주문', 0.20207293331623077), ('로데오', 0.20059937238693237), ('저격', 0.19962696731090546), ('프랑스', 0.19863814115524292), ('청담동', 0.1967248171567917), ('차이점', 0.196015864610672), ('후기', 0.1954658180475235), ('꽤', 0.19522978365421295), ('여심', 0.1933610737323761), ('안내', 0.19130530953407288), ('수원', 0.19042648375034332), ('디테일', 0.19042548537254333), ('다르', 0.18979015946388245), ('향기', 0.1894219070672989), ('봉피', 0.1879834085702896), ('지바', 0.1805419623851776), ('꽃집', 0.17905549705028534), ('마지', 0.17888738214969635), ('결혼기념일', 0.17882445454597473), ('신상', 0.175667405128479), ('드리', 0.1751173883676529), ('가점', 0.17395548522472382), ('청담역', 0.17136196792125702), ('점문', 0.17114010453224182), ('양주', 0.1683645248413086), ('실점', 0.16675367951393127), ('추천', 0.1662619262933731), ('도화동', 0.1659274399280548), ('짬뽕', 0.16383305191993713), ('유명', 0.16272541880607605), ('캬', 0.16186410188674927)]",,,,,,,,,,,,0.0
2024_11_05,연남동,"[('추천', 0.3217889070510864), ('맛집', 0.32170620560646057), ('집', 0.2686881422996521), ('곳', 0.251056045293808), ('연남', 0.25067612528800964), ('탑', 0.247292160987854), ('하루', 0.2372993677854538), ('정보', 0.23517191410064697), ('프레첼', 0.23153036832809448), ('홍대', 0.22654031217098236), ('뮬', 0.22432297468185425), ('집사', 0.21781444549560547), ('돌', 0.21756106615066528), ('소개팅', 0.21348872780799866), ('후기', 0.20359821617603302), ('조용', 0.18740718066692352), ('분위기', 0.18656882643699646), ('화담', 0.18655119836330414), ('안주', 0.18601137399673462), ('야장', 0.1856357604265213), ('힙', 0.18463188409805298), ('핫', 0.18198761343955994), ('베', 0.17902283370494843), ('데스', 0.17758798599243164), ('떼', 0.1775367558002472), ('맛있', 0.17738652229309082), ('오르트', 0.17708411812782288), ('라운지', 0.1761772483587265), ('루프', 0.17456969618797302), ('대박', 0.17425818741321564), ('주막', 0.17409078776836395), ('한식집', 0.17334064841270447), ('소카', 0.17309631407260895), ('데이트', 0.17040354013442993), ('멘탈', 0.16799941658973694), ('크', 0.16626374423503876), ('미드', 0.1650170385837555), ('크랩', 0.164460226893425), ('휴', 0.1644086241722107), ('맛', 0.16423556208610535), ('비인정', 0.16396282613277435), ('찹쌀떡', 0.1639232039451599), ('양집', 0.162026047706604), ('내산', 0.16067861020565033), ('장소', 0.15816065669059753), ('틀', 0.15802963078022003), ('비드', 0.15575750172138214), ('주원', 0.1548498123884201), ('조용히', 0.15349818766117096), ('이탈리안', 0.15162427723407745)]",,,,,,,,,,,,0.0
2024_11_05,망원동,"[('해소', 0.3856849670410156), ('베르', 0.3550410866737366), ('열중', 0.33578917384147644), ('스페이스', 0.29361578822135925), ('가득', 0.2747328579425812), ('동양', 0.2662114202976227), ('벌', 0.2646608352661133), ('더스틴', 0.26225927472114563), ('어레미', 0.25536924600601196), ('무조건', 0.2485697716474533), ('조심스레', 0.24736349284648895), ('탑', 0.2471139132976532), ('서울', 0.24361220002174377), ('이색', 0.23679912090301514), ('신상', 0.2349787801504135), ('스파게티', 0.23252035677433014), ('망원', 0.23071099817752838), ('로라', 0.22707338631153107), ('노미야', 0.2265111356973648), ('길', 0.2222544550895691), ('캐롤라인', 0.22097378969192505), ('빌렛', 0.22057566046714783), ('모자', 0.21765361726284027), ('플리', 0.21373212337493896), ('커피', 0.21359051764011383), ('넘치', 0.2130126953125), ('들리', 0.21300145983695984), ('설비', 0.21129478514194489), ('전용', 0.2090606689453125), ('컵', 0.2085084617137909), ('좋', 0.20804908871650696), ('귀엽', 0.2067468762397766), ('스테이크', 0.20526902377605438), ('부근', 0.205252543091774), ('므아르', 0.2043519914150238), ('컵스', 0.20216922461986542), ('판매', 0.20143820345401764), ('동당', 0.20042094588279724), ('단', 0.2004183828830719), ('샤브샤브', 0.20032982528209686), ('고고', 0.20023363828659058), ('티그레', 0.19997435808181763), ('끼', 0.1999613642692566), ('역점', 0.19726216793060303), ('부부', 0.19723014533519745), ('파사', 0.19626040756702423), ('레드', 0.19308355450630188), ('하우스', 0.19276034832000732), ('망리', 0.19256560504436493), ('계획', 0.19206073880195618)]",,,,,,,,,,,,1.0
2024_11_05,을지로,"[('지로', 0.39759504795074463), ('맛집', 0.3424971401691437), ('플', 0.31822293996810913), ('숨', 0.3145965337753296), ('건강', 0.2891680896282196), ('분위기', 0.28358760476112366), ('데이트', 0.27526482939720154), ('옥', 0.26226523518562317), ('서울', 0.25731074810028076), ('힙', 0.25630983710289), ('곳', 0.2505078613758087), ('좋', 0.2357085794210434), ('웨일', 0.23360669612884521), ('마곡역', 0.23131269216537476), ('인바', 0.22741608321666718), ('핫', 0.22407285869121552), ('디저트', 0.22240088880062103), ('뒷', 0.21646326780319214), ('카타', 0.2145923525094986), ('추천', 0.21078096330165863), ('맛있', 0.20865394175052643), ('종각', 0.20552584528923035), ('을지로입구역', 0.20380914211273193), ('가브리', 0.20274095237255096), ('국적', 0.2008446753025055), ('크림', 0.19990473985671997), ('입구', 0.19981473684310913), ('르', 0.19800230860710144), ('프레첼', 0.1973700225353241), ('고기', 0.1964939832687378), ('알', 0.1947999745607376), ('야장', 0.19434040784835815), ('휘', 0.1936102956533432), ('도우', 0.19248047471046448), ('난로', 0.19228552281856537), ('고추장찌개', 0.19186988472938538), ('입', 0.19047978520393372), ('푸쉬', 0.1901809126138687), ('콘티뉴이티', 0.19006367027759552), ('충무로', 0.1899833381175995), ('우즈', 0.18982574343681335), ('또', 0.18966493010520935), ('루프', 0.18876728415489197), ('코스', 0.18875816464424133), ('술집', 0.18835459649562836), ('메뉴', 0.18817150592803955), ('선정', 0.18700943887233734), ('해외', 0.1862819492816925), ('차', 0.18553417921066284), ('라떼', 0.18514037132263184)]",,,,,,,,,,,,1.0
2024_11_05,성내동,"[('내동', 0.49648791551589966), ('꾸준히', 0.2587439715862274), ('페하', 0.257377564907074), ('너무', 0.2559986710548401), ('할머니', 0.25233256816864014), ('용달', 0.2411855012178421), ('캐릭터', 0.24109725654125214), ('동치', 0.23734435439109802), ('온', 0.2368772178888321), ('오랫동안', 0.22994494438171387), ('필독', 0.22931116819381714), ('기성', 0.2251080721616745), ('볶음밥', 0.21578985452651978), ('오랜만', 0.21578799188137054), ('싫', 0.21459004282951355), ('카츠', 0.21237020194530487), ('어떻', 0.21125918626785278), ('궁금', 0.2096552550792694), ('영창', 0.20905965566635132), ('수지', 0.2087050974369049), ('필름', 0.20679382979869843), ('진해', 0.20642414689064026), ('군침', 0.20329870283603668), ('카', 0.1990446001291275), ('손맛', 0.19889329373836517), ('사람', 0.19854481518268585), ('파블로바', 0.19804295897483826), ('힐링', 0.19758963584899902), ('스터디', 0.1971990019083023), ('불향', 0.1968776434659958), ('알', 0.19344954192638397), ('루틴', 0.1917198896408081), ('솔직히', 0.18750356137752533), ('커뮤니티', 0.1872156411409378), ('리스트', 0.18594756722450256), ('하이엔드', 0.18442541360855103), ('연속', 0.18400585651397705), ('선글라스', 0.1838456243276596), ('직장인', 0.18323186039924622), ('타', 0.1825215369462967), ('푸딩', 0.18250010907649994), ('답례품', 0.18224066495895386), ('비결', 0.18191677331924438), ('허영', 0.1818133294582367), ('츄', 0.18173405528068542), ('가우', 0.18170306086540222), ('소리', 0.18089991807937622), ('흐르', 0.18022604286670685), ('디맨드', 0.1797288954257965), ('엘베', 0.17880520224571228)]",,,,,,,,,,,,1.0
2024_11_05,문래동,"[('문래', 0.3168989419937134), ('핫', 0.2976740002632141), ('맛집', 0.27398109436035156), ('탐방기', 0.27259954810142517), ('창', 0.26653364300727844), ('방문기', 0.2500247657299042), ('미노리', 0.2487044632434845), ('배달', 0.2400817573070526), ('모두', 0.2393856793642044), ('좋', 0.23608805239200592), ('코스', 0.23469455540180206), ('하프', 0.23421619832515717), ('분위기', 0.23299582302570343), ('서울', 0.2263680100440979), ('지상', 0.22630126774311066), ('찢', 0.2247576117515564), ('점', 0.22464147210121155), ('영업', 0.22362962365150452), ('등심', 0.22303198277950287), ('플', 0.22133204340934753), ('문래역', 0.21979302167892456), ('추천', 0.21894067525863647), ('가을', 0.21535003185272217), ('봉', 0.2136411964893341), ('대', 0.21266356110572815), ('집', 0.20944684743881226), ('맛있', 0.20912688970565796), ('감성', 0.20905224978923798), ('돼지고기', 0.2090446949005127), ('해산물', 0.20241795480251312), ('맛', 0.19979619979858398), ('수제', 0.1981005221605301), ('작촌', 0.19759848713874817), ('스테이크', 0.19692477583885193), ('지제', 0.1960364282131195), ('안주', 0.19596518576145172), ('촌맛', 0.19567452371120453), ('문화', 0.19509588181972504), ('데이트', 0.19440366327762604), ('음식', 0.19402390718460083), ('고기', 0.19106723368167877), ('유니크', 0.18974673748016357), ('주차', 0.18802687525749207), ('먹자골목', 0.18732695281505585), ('완벽', 0.18726253509521484), ('디', 0.18651308119297028), ('조용', 0.1847902238368988), ('신도림역', 0.18435780704021454), ('주년', 0.1840323507785797), ('솥뚜껑', 0.18357183039188385)]",,,,,,,,,,,,1.0
2024_11_05,봉천동,"[('쭈꾸미', 0.3102029263973236), ('피노', 0.2824440598487854), ('극', 0.2703072726726532), ('굳', 0.26326146721839905), ('예후', 0.2589843273162842), ('막', 0.2564108073711395), ('시원', 0.24619558453559875), ('이펑', 0.24535252153873444), ('저녁', 0.24478048086166382), ('아망', 0.24160926043987274), ('공개', 0.2377404421567917), ('낙성대동', 0.23181384801864624), ('주관', 0.23063142597675323), ('없애', 0.2304648607969284), ('데이트', 0.2296604961156845), ('최저', 0.2284315973520279), ('배수관', 0.2246360331773758), ('김치찌개', 0.2229253649711609), ('육수', 0.22216075658798218), ('스물', 0.21889115869998932), ('천동진', 0.21819064021110535), ('쭈앤쭈', 0.21618254482746124), ('이', 0.21278031170368195), ('프레디', 0.21247859299182892), ('펍', 0.210565984249115), ('낮', 0.21042436361312866), ('청림동', 0.2091568261384964), ('안정', 0.20730051398277283), ('건강식', 0.20541442930698395), ('달', 0.2051406353712082), ('실개', 0.20497240126132965), ('경동', 0.20460423827171326), ('법원', 0.20390701293945312), ('원탑', 0.20195163786411285), ('항정살', 0.20178915560245514), ('인심', 0.19983860850334167), ('폐업', 0.1998116374015808), ('더블', 0.19889682531356812), ('횡', 0.19816453754901886), ('동다', 0.197957381606102), ('해물탕', 0.19753244519233704), ('모리츠', 0.19698035717010498), ('만두', 0.19679883122444153), ('세망', 0.19658426940441132), ('대대', 0.19514770805835724), ('디프', 0.19471530616283417), ('행복', 0.1941782534122467), ('욕', 0.19219571352005005), ('스파게티', 0.19199629127979279), ('초벌', 0.18853585422039032)]",,,,,,,,,,,,1.0
2024_11_05,녹사평,"[('녹사평역', 0.6100763082504272), ('평역', 0.37154340744018555), ('탑', 0.3100815415382385), ('아보', 0.2919888496398926), ('댕', 0.28828004002571106), ('선데이', 0.2795259654521942), ('앰버', 0.27044016122817993), ('경리', 0.26678529381752014), ('이태원', 0.2609751224517822), ('회', 0.26031431555747986), ('후기', 0.254245400428772), ('우이', 0.2453341782093048), ('루프', 0.2431982457637787), ('시', 0.23271039128303528), ('신년', 0.23267656564712524), ('이', 0.23249827325344086), ('단', 0.23199649155139923), ('필드', 0.23106448352336884), ('줄서', 0.22486205399036407), ('와인', 0.22366255521774292), ('맛집', 0.2227492779493332), ('밤거리', 0.22135967016220093), ('찾', 0.21784254908561707), ('좋', 0.21456007659435272), ('있', 0.21406106650829315), ('모듬', 0.21369946002960205), ('야장', 0.2103824019432068), ('빵', 0.20903709530830383), ('아늑', 0.20422396063804626), ('길', 0.2026979923248291), ('아시아', 0.19987186789512634), ('맛있', 0.19576995074748993), ('동대문', 0.19436049461364746), ('쌀국수', 0.19266429543495178), ('너무', 0.1906362920999527), ('예약', 0.19003604352474213), ('비방', 0.18883006274700165), ('하이볼', 0.18846821784973145), ('소개팅', 0.18667720258235931), ('예쁘', 0.18339499831199646), ('나르', 0.17960016429424286), ('핫', 0.17919336259365082), ('분위기', 0.17837809026241302), ('스푼', 0.1774590015411377), ('타이거', 0.17526675760746002), ('산점', 0.17200317978858948), ('한', 0.16894793510437012), ('레스토랑', 0.16774794459342957), ('스윗', 0.16691076755523682), ('추천', 0.16529105603694916)]",,,,,,,,,,,,1.0
2024_11_05,도곡동,"[('곡동', 0.48071184754371643), ('미도', 0.30109766125679016), ('시스템', 0.29080578684806824), ('측량', 0.27115169167518616), ('냄비', 0.27098146080970764), ('브라운', 0.2611713707447052), ('에어컨', 0.26091665029525757), ('리', 0.25788408517837524), ('칼라', 0.2567262351512909), ('투썸', 0.25653237104415894), ('보락', 0.25538891553878784), ('캠', 0.2530340254306793), ('인', 0.245675727725029), ('이경', 0.2425874024629593), ('솔', 0.24254122376441956), ('달항아리', 0.2402789294719696), ('한정식', 0.23677466809749603), ('바흐', 0.23455379903316498), ('딥', 0.229811891913414), ('윤곽', 0.22649717330932617), ('오리', 0.22554168105125427), ('핵심', 0.2254687249660492), ('모델링', 0.22386489808559418), ('고층', 0.2215004563331604), ('조율', 0.22092019021511078), ('현황', 0.21957971155643463), ('상견례', 0.2183050960302353), ('늘', 0.21594427525997162), ('오피러스', 0.21509559452533722), ('미역', 0.21334239840507507), ('평수', 0.2097136527299881), ('운반', 0.20897352695465088), ('애쉬', 0.20619234442710876), ('스타일리스트', 0.20551203191280365), ('코핀', 0.2052830457687378), ('역세권', 0.20411843061447144), ('진단', 0.2019374519586563), ('월', 0.2013828605413437), ('스지', 0.20135287940502167), ('지형', 0.1976206749677658), ('복장', 0.1973535567522049), ('역점', 0.19692906737327576), ('유로', 0.19650734961032867), ('발레리나', 0.19552236795425415), ('값', 0.19502408802509308), ('옴', 0.19482184946537018), ('플레이스', 0.1946410834789276), ('편하', 0.19418567419052124), ('제과점', 0.19376029074192047), ('키친', 0.1936797797679901)]",,,,,,,,,,,,1.0
2024_11_05,불광동,"[('공유', 0.3456999659538269), ('팁', 0.2712327539920807), ('정', 0.23801901936531067), ('동숭동', 0.22673675417900085), ('골든', 0.22330817580223083), ('학원', 0.21756500005722046), ('팰리스', 0.21585457026958466), ('프린터', 0.2153201848268509), ('부부', 0.21058571338653564), ('짜임', 0.20932863652706146), ('내점', 0.2091980278491974), ('꿀', 0.2066355049610138), ('거주', 0.20456470549106598), ('필독', 0.20212244987487793), ('수산', 0.20101617276668549), ('어렵', 0.1980099081993103), ('티어', 0.1977127641439438), ('생선', 0.19595681130886078), ('정사각형', 0.19575276970863342), ('렌탈', 0.19400441646575928), ('굼터', 0.19363142549991608), ('장치', 0.192073255777359), ('광', 0.19198989868164062), ('피크닉', 0.18621820211410522), ('강', 0.18437597155570984), ('채널', 0.18251504004001617), ('이쁘', 0.1823825240135193), ('팅', 0.18113760650157928), ('왕', 0.18110670149326324), ('마감', 0.1792241334915161), ('임대', 0.1758083552122116), ('태', 0.17461346089839935), ('후기', 0.17314527928829193), ('울릉도', 0.17307201027870178), ('간판', 0.17043860256671906), ('구분', 0.16967634856700897), ('강남구', 0.1690153032541275), ('설', 0.16753773391246796), ('및', 0.16750621795654297), ('합기', 0.16645637154579163), ('하', 0.16632089018821716), ('회복', 0.1644759327173233), ('연결', 0.1637144386768341), ('프리롤', 0.16239628195762634), ('공간', 0.1619054079055786), ('프로젝트', 0.1617501974105835), ('너머', 0.16120463609695435), ('고압', 0.15376102924346924), ('비용', 0.15351146459579468), ('전원', 0.15328547358512878)]",,,,,,,,,,,,1.0
